City Name,Date,Latitude,Longitude,Country,Humidity,Cloudiness,Max Temp,Wind Speed,Temperature
Cape Town,2019-10-12 23:44:40,18.42,-33.93,ZA,72,13,63.0,19.46,62.08
Joensuu,2019-10-12 23:44:41,29.76,62.6,FI,100,90,43.0,12.75,41.29
Ust-Tsilma,2019-10-12 23:44:41,52.15,65.44,RU,92,100,38.88,7.31,38.88
Koumac,2019-10-12 23:44:41,164.28,-20.56,NC,48,100,84.49,3.79,84.49
Bluff,2019-10-12 23:44:42,149.07,-23.58,AU,20,0,78.35,8.71,78.35
Ushuaia,2019-10-12 23:44:42,-68.31,-54.81,AR,86,90,33.8,23.04,33.8
Bathsheba,2019-10-12 23:44:42,-59.52,13.22,BB,78,40,82.4,10.29,82.4
Kruisfontein,2019-10-12 23:44:42,24.73,-34.0,ZA,76,27,52.56,8.06,52.56
Arraial do Cabo,2019-10-12 23:44:42,-42.02,-22.97,BR,87,0,72.37,26.42,72.37
Albany,2019-10-12 23:44:43,-73.75,42.65,US,67,75,61.0,3.36,57.24
Jamestown,2019-10-12 23:44:43,138.6,-33.21,AU,22,98,72.43,13.08,72.43
Busselton,2019-10-12 23:44:43,115.35,-33.64,AU,60,62,55.99,8.82,55.99
East London,2019-10-12 23:44:44,27.91,-33.02,ZA,74,90,63.43,9.27,63.43
Parangan,2019-10-12 23:44:44,119.94,5.08,PH,69,84,83.48,2.15,83.48
Nalut,2019-10-12 23:44:44,10.98,31.86,LY,86,0,68.72,3.83,68.72
Hermanus,2019-10-12 23:44:45,19.24,-34.42,ZA,88,57,62.01,22.82,61.56
Staraya,2019-10-12 23:44:45,30.63,59.93,RU,87,75,46.99,6.71,46.35
Ilulissat,2019-10-12 23:44:45,-51.1,69.22,GL,68,90,24.8,2.24,24.8
Thompson,2019-10-12 23:44:45,-97.86,55.74,CA,97,90,32.0,11.41,32.0
Qaanaaq,2019-10-12 23:35:02,-69.36,77.48,GL,65,85,18.45,6.99,18.45
Tabou,2019-10-12 23:44:46,-7.36,4.42,CI,94,100,74.46,7.16,74.46
Bima,2019-10-12 23:44:46,118.73,-8.45,ID,61,95,81.09,3.09,81.09
Hilo,2019-10-12 23:44:46,-155.08,19.71,US,58,40,86.0,4.7,76.06
Tuatapere,2019-10-12 23:44:47,167.69,-46.13,NZ,71,94,54.0,8.99,54.0
Ostrovnoy,2019-10-12 23:44:47,39.51,68.05,RU,93,99,35.08,9.36,35.08
Mayo,2019-10-12 23:44:47,-135.9,63.59,CA,50,75,33.8,12.75,33.8
Balugaon,2019-10-12 23:44:47,85.21,19.75,IN,92,85,75.06,3.07,75.06
Poum,2019-10-12 23:44:48,20.71,41.28,MK,88,0,52.81,1.59,52.81
Punta Arenas,2019-10-12 23:44:48,-70.91,-53.16,CL,59,20,37.4,25.28,37.2
Rikitea,2019-10-12 23:44:48,-134.97,-23.12,PF,71,70,69.31,13.19,69.31
Port Elizabeth,2019-10-12 23:44:48,-74.98,39.31,US,52,75,66.2,5.82,63.55
Hualmay,2019-10-12 23:44:49,-77.61,-11.1,PE,84,1,58.42,2.74,58.42
Atuona,2019-10-12 23:35:02,-139.03,-9.8,PF,70,3,78.98,13.74,78.98
Cherskiy,2019-10-12 23:35:01,161.3,68.75,RU,79,100,31.33,8.04,31.33
Beringovskiy,2019-10-12 23:44:49,179.32,63.05,RU,72,88,38.44,16.43,38.44
Markapur,2019-10-12 23:44:49,79.27,15.74,IN,84,87,77.52,0.53,77.52
Vaini,2019-10-12 23:44:50,74.49,15.34,IN,95,100,68.45,2.03,68.45
Muros,2019-10-12 23:44:50,-9.06,42.77,ES,77,75,68.0,12.75,64.22
Barrow,2019-10-12 23:44:50,-60.23,-38.31,AR,75,29,51.33,6.76,51.33
Kodiak,2019-10-12 23:44:50,-94.76,39.95,US,49,1,64.4,6.93,61.99
Purpe,2019-10-12 23:44:50,76.69,64.48,RU,94,100,37.99,13.45,37.99
Markova,2019-10-12 23:44:51,104.21,52.21,RU,78,0,15.8,6.71,15.8
Kupino,2019-10-12 23:44:51,77.31,54.36,RU,87,47,43.21,2.58,43.21
Nikolskoye,2019-10-12 23:44:51,30.79,59.7,RU,87,75,46.99,6.71,46.35
Mataura,2019-10-12 23:44:51,168.86,-46.19,NZ,71,56,54.0,8.99,54.0
Yellowknife,2019-10-12 23:44:51,-114.38,62.45,CA,61,75,46.4,5.82,45.79
Moose Factory,2019-10-12 23:44:52,-80.61,51.26,CA,87,90,44.6,9.17,44.6
Lagoa,2019-10-12 23:44:52,-8.45,37.14,PT,93,0,66.99,2.24,64.54
Hobart,2019-10-12 23:44:52,147.33,-42.88,AU,57,75,55.99,6.93,54.82
Guerrero Negro,2019-10-12 23:44:52,-114.04,27.97,MX,35,0,78.98,13.39,78.98
Nador,2019-10-12 23:44:53,-2.93,35.17,MA,88,8,69.8,5.82,67.96
Macapa,2019-10-12 23:44:53,-51.07,0.05,BR,66,0,84.2,11.41,84.2
Puerto Ayora,2019-10-12 23:44:53,-90.35,-0.74,EC,57,40,77.0,11.41,72.46
Bredasdorp,2019-10-12 23:44:53,20.04,-34.53,ZA,82,82,61.0,5.82,60.19
Bambous Virieux,2019-10-12 23:45:40,57.76,-20.34,MU,83,40,73.0,6.93,72.37
Byron Bay,2019-10-12 23:45:41,153.62,-28.65,AU,82,75,71.01,12.75,67.64
Husavik,2019-10-12 23:45:41,-96.99,50.56,CA,96,90,36.0,5.99,34.93
Saint-Philippe,2019-10-12 23:45:41,-73.48,45.36,CA,87,90,57.2,5.82,55.56
Mar del Plata,2019-10-12 23:45:41,-67.52,-46.43,AR,28,67,48.42,11.48,48.42
Tanout,2019-10-12 23:45:42,8.88,14.97,NE,41,0,87.21,8.04,87.21
Cayenne,2019-10-12 23:45:42,-52.33,4.94,GF,94,20,77.0,2.24,77.0
Provideniya,2019-10-12 23:45:42,-173.23,64.42,RU,76,0,32.07,4.38,32.07
Bandarbeyla,2019-10-12 23:45:43,50.81,9.49,SO,76,20,80.4,0.94,80.4
Phultala,2019-10-12 23:45:43,89.52,22.7,BD,85,0,73.53,4.15,73.53
Minot,2019-10-12 23:45:43,-101.3,48.23,US,92,90,32.0,20.8,30.9
Aquidauana,2019-10-12 23:45:43,-55.78,-20.47,BR,52,83,81.25,5.13,81.25
Kuching,2019-10-12 23:45:44,110.34,1.56,MY,100,75,77.0,2.24,77.0
Bethel,2019-10-12 23:45:44,-161.76,60.79,US,59,1,37.4,11.41,36.77
Tiksi,2019-10-12 23:45:44,128.87,71.64,RU,94,99,16.75,8.01,16.75
Flin Flon,2019-10-12 23:45:44,-101.88,54.77,CA,44,75,41.0,13.87,41.0
Isangel,2019-10-12 23:45:45,169.27,-19.55,VU,83,90,78.8,11.41,78.8
Nouadhibou,2019-10-12 23:45:45,-17.03,20.93,MR,47,0,77.0,18.34,77.0
Souillac,2019-10-12 23:45:45,-0.6,45.6,FR,68,50,71.6,13.87,70.05
Verkhnevilyuysk,2019-10-12 23:45:46,120.31,63.45,RU,91,44,12.51,4.76,12.51
Gananoque,2019-10-12 23:45:46,-76.16,44.33,CA,71,75,53.6,14.99,51.24
Quatre Cocos,2019-10-12 23:45:46,57.76,-20.21,MU,83,40,73.0,6.93,72.32
Kalmunai,2019-10-12 23:45:46,81.82,7.42,LK,72,33,82.81,5.62,82.81
Broken Hill,2019-10-12 23:45:47,141.45,-31.97,AU,16,40,69.8,21.92,69.8
Aklavik,2019-10-12 23:45:47,-135.01,68.22,CA,59,75,33.8,5.82,31.69
Castro,2019-10-12 23:45:47,-73.76,-42.48,CL,66,19,48.2,11.41,48.2
Kapaa,2019-10-12 23:45:47,-159.32,22.08,US,74,75,84.2,11.41,81.95
Hithadhoo,2019-10-12 23:45:47,73.08,-0.6,MV,79,79,81.37,10.54,81.37
Isiro,2019-10-12 23:45:48,27.62,2.77,CD,99,100,64.45,1.62,64.45
Te Anau,2019-10-12 23:45:48,167.72,-45.41,NZ,90,98,43.02,0.98,43.02
Chumikan,2019-10-12 23:45:48,135.31,54.72,RU,46,5,27.45,18.3,27.45
Talcahuano,2019-10-12 23:45:49,-73.12,-36.72,CL,72,64,59.0,13.87,59.0
Tuktoyaktuk,2019-10-12 23:45:49,-133.03,69.44,CA,80,75,33.8,25.28,33.8
Pimenteiras,2019-10-12 23:45:49,-41.42,-6.24,BR,35,22,79.9,3.91,79.9
Chokurdakh,2019-10-12 23:45:50,147.9,70.62,RU,95,90,23.67,8.83,23.67
Dikson,2019-10-12 23:45:50,80.55,73.51,RU,98,100,30.88,20.76,30.88
Itupiranga,2019-10-12 23:45:50,-49.33,-5.13,BR,58,20,87.8,4.7,87.8
Udachnyy,2019-10-12 23:45:51,112.4,66.42,RU,55,100,12.22,4.77,12.22
Khatanga,2019-10-12 23:45:51,102.47,71.98,RU,91,93,22.03,7.27,22.03
Aksu,2019-10-12 23:45:51,76.93,52.04,KZ,71,48,45.63,2.93,45.63
Faya,2019-10-12 23:45:51,42.45,18.39,SA,36,45,64.4,4.26,62.65
Kungurtug,2019-10-12 23:45:52,97.53,50.6,RU,42,48,23.25,2.49,23.25
Pontianak,2019-10-12 23:45:52,109.34,-0.02,ID,89,48,77.65,2.07,77.65
Pisco,2019-10-12 23:45:52,-76.2,-13.71,PE,30,8,71.6,6.93,67.08
Tecoanapa,2019-10-12 23:45:52,-99.26,16.99,MX,74,75,86.0,6.93,86.0
Shimoda,2019-10-12 23:45:53,138.93,34.7,JP,54,20,87.01,8.05,81.81
Richards Bay,2019-10-12 23:45:53,32.06,-28.77,ZA,85,62,70.02,30.34,70.02
Tasiilaq,2019-10-12 23:45:53,-37.64,65.61,GL,92,99,30.2,6.93,30.2
Samfya,2019-10-12 23:45:54,29.56,-11.37,ZM,64,14,69.67,6.18,69.67
Katiola,2019-10-12 23:45:54,-5.1,8.14,CI,100,40,73.4,4.7,73.4
Aksarka,2019-10-12 23:45:54,67.8,66.56,RU,97,100,34.9,5.64,34.9
Constitucion,2019-10-12 23:45:54,-104.67,23.99,MX,46,75,71.01,5.89,70.36
Quelimane,2019-10-12 23:45:54,36.89,-17.88,MZ,86,0,73.27,5.64,73.27
Clyde River,2019-10-12 23:45:55,-68.59,70.47,CA,86,90,28.4,12.75,28.4
Fruitvale,2019-10-12 23:45:55,-117.55,49.12,CA,47,100,44.87,1.69,44.87
Nara,2019-10-12 23:46:40,135.8,34.68,JP,72,75,70.0,19.46,68.02
Sechelt,2019-10-12 23:46:41,-123.76,49.47,CA,71,75,55.4,6.93,53.73
Butaritari,2019-10-12 23:46:41,172.79,3.07,KI,71,2,84.99,10.83,84.99
Vuktyl,2019-10-12 23:46:42,57.31,63.86,RU,89,92,37.42,9.14,37.42
Dawei,2019-10-12 23:46:42,98.19,14.07,MM,77,16,80.49,6.04,80.49
Port Alfred,2019-10-12 23:46:42,26.89,-33.59,ZA,88,47,59.0,3.0,59.0
Mbandaka,2019-10-12 23:46:42,18.26,0.05,CD,95,20,68.07,2.38,68.07
Trat,2019-10-12 23:46:43,102.51,12.25,TH,10,90,82.0,7.43,81.07
Saskylakh,2019-10-12 23:46:43,114.09,71.97,RU,80,100,24.82,6.18,24.82
Coquimbo,2019-10-12 23:46:43,-71.34,-29.95,CL,87,75,53.6,6.93,53.6
Kofele,2019-10-12 23:46:43,38.78,7.07,ET,93,77,46.44,4.03,46.44
Mecca,2019-10-12 23:46:44,39.83,21.43,SA,36,17,85.15,3.01,85.15
Carnarvon,2019-10-12 23:46:44,22.13,-30.97,ZA,60,0,53.96,13.71,53.96
Flinders,2019-10-12 23:46:44,150.85,-34.58,AU,54,5,66.0,3.36,61.27
Bure,2019-10-12 23:46:44,10.33,10.52,NG,86,23,74.52,4.38,74.52
Ponta do Sol,2019-10-12 23:46:44,-46.0,-20.63,BR,61,57,72.73,2.46,72.73
Port Lincoln,2019-10-12 23:46:45,135.86,-34.72,AU,79,100,62.91,24.01,62.91
Maebaru,2019-10-12 23:46:45,130.2,33.55,JP,56,40,73.0,9.17,69.01
Sitka,2019-10-12 23:46:45,-99.65,37.17,US,31,9,61.03,9.21,61.03
Bhilai,2019-10-12 23:46:45,81.37,21.21,IN,78,9,69.51,4.56,69.51
Urubicha,2019-10-12 23:46:46,-63.08,-15.63,BO,76,27,76.32,3.87,76.32
Saint-Augustin,2019-10-12 23:46:46,-73.98,45.63,CA,82,90,57.2,3.36,55.35
Lompoc,2019-10-12 23:46:47,-120.46,34.64,US,10,1,82.99,16.11,76.19
Saldanha,2019-10-12 23:46:47,-6.55,41.42,PT,82,5,57.74,6.52,57.74
Songjianghe,2019-10-12 23:46:47,127.48,42.18,CN,57,63,42.66,2.54,42.66
Saint George,2019-10-12 23:46:47,22.34,39.45,GR,93,20,60.8,0.43,59.83
Derzhavinsk,2019-10-12 23:46:48,66.31,51.1,KZ,77,100,49.35,8.64,49.35
Ekhabi,2019-10-12 23:46:48,142.97,53.51,RU,68,70,34.29,17.62,34.29
Luderitz,2019-10-12 23:46:48,15.16,-26.65,NA,76,0,57.2,17.22,57.2
Dukat,2019-10-12 23:46:48,19.57,40.25,AL,71,0,69.01,6.85,69.01
Necochea,2019-10-12 23:46:49,-58.74,-38.55,AR,77,70,57.0,3.0,57.0
Sorland,2019-10-12 23:46:49,12.69,67.67,NO,55,96,41.67,7.6,41.67
Mehamn,2019-10-12 23:46:49,27.85,71.03,NO,87,99,32.76,4.68,32.76
Haines Junction,2019-10-12 23:46:50,-137.51,60.75,CA,86,100,26.64,5.46,26.64
Zhigansk,2019-10-12 23:46:50,123.37,66.77,RU,87,93,17.8,9.3,17.8
Mahebourg,2019-10-12 23:46:50,57.7,-20.41,MU,83,40,73.0,6.93,72.39
Vao,2019-10-12 23:46:50,26.19,59.1,EE,92,39,45.28,9.18,45.28
Charcas,2019-10-12 23:46:51,-101.11,23.13,MX,68,97,66.06,12.94,66.06
Joshimath,2019-10-12 23:46:51,79.57,30.57,IN,49,0,41.25,5.0,41.25
Halifax,2019-10-12 23:46:51,-63.58,44.65,CA,100,90,55.99,5.82,55.42
Soria,2019-10-12 23:46:52,-2.46,41.76,ES,67,25,59.0,4.0,59.0
Dauphin,2019-10-12 23:46:52,-100.04,51.15,CA,98,90,32.0,20.8,32.0
College,2019-10-12 23:46:52,-147.8,64.86,US,69,1,36.0,5.82,33.69
Limbazi,2019-10-12 23:46:52,24.72,57.51,LV,93,40,50.0,5.99,50.0
The Valley,2019-10-12 23:46:53,-63.06,18.22,AI,74,20,84.2,3.36,82.98
Pevek,2019-10-12 23:46:53,170.27,69.7,RU,73,90,29.64,15.27,29.64
Huarmey,2019-10-12 23:46:53,-78.15,-10.07,PE,77,43,60.66,3.25,60.66
Lebu,2019-10-12 23:46:53,38.73,8.96,ET,80,97,50.04,2.82,50.04
Barcelos,2019-10-12 23:46:54,-62.93,-0.97,BR,80,99,77.92,1.21,77.92
The Pas,2019-10-12 23:46:54,-101.24,53.82,CA,52,90,41.0,6.93,41.0
Fonte Boa,2019-10-12 23:46:54,-66.09,-2.51,BR,98,100,72.64,1.77,72.64
Coihaique,2019-10-12 23:46:54,-72.07,-45.58,CL,39,20,46.4,8.05,46.4
Katobu,2019-10-12 23:46:55,122.53,-4.94,ID,63,45,83.77,5.5,83.77
Merrill,2019-10-12 23:46:55,-121.6,42.03,US,20,1,66.0,4.22,65.23
Zhanakorgan,2019-10-12 23:46:55,67.25,43.91,KZ,52,59,51.06,2.47,51.06
Salalah,2019-10-12 23:46:55,54.1,17.01,OM,69,0,78.8,4.7,78.8
Torbay,2019-10-12 23:47:40,-52.73,47.66,CA,93,90,48.0,12.75,46.92
Hambantota,2019-10-12 23:47:41,81.12,6.12,LK,80,45,80.82,5.0,80.82
Buchanan,2019-10-12 23:47:41,-10.05,5.88,LR,94,75,75.2,5.65,75.2
Katsuura,2019-10-12 23:47:41,134.5,33.93,JP,60,75,68.0,20.8,66.16
Atambua,2019-10-12 23:47:41,124.89,-9.11,ID,40,76,84.99,3.54,84.99
Padra,2019-10-12 23:47:42,73.09,22.24,IN,74,0,78.8,2.24,78.8
Sumkino,2019-10-12 23:47:42,68.32,58.11,RU,83,100,44.83,6.38,44.83
Port Blair,2019-10-12 23:47:42,92.75,11.67,IN,72,0,83.17,6.5,83.17
Opuwo,2019-10-12 23:47:43,13.84,-18.06,NA,69,99,68.94,3.87,68.94
Mangrol,2019-10-12 23:47:43,76.51,25.33,IN,57,0,71.1,4.14,71.1
Talnakh,2019-10-12 23:47:43,88.39,69.49,RU,94,100,24.67,16.99,24.67
Bucerias,2019-10-12 23:47:43,-105.33,20.76,MX,74,75,86.0,4.7,86.0
Mayumba,2019-10-12 23:47:43,10.65,-3.44,GA,89,90,76.64,5.65,76.64
Yeniseysk,2019-10-12 23:47:44,92.17,58.45,RU,69,48,25.86,6.1,25.86
Narsaq,2019-10-12 23:47:44,-46.05,60.91,GL,48,100,32.0,3.36,32.0
Mount Isa,2019-10-12 23:47:44,139.49,-20.73,AU,9,0,86.0,11.41,86.0
Dingle,2019-10-12 23:47:45,122.67,11.0,PH,86,38,78.89,6.49,78.89
Caravelas,2019-10-12 23:47:45,-39.27,-17.73,BR,87,0,70.52,5.63,70.52
Komsomolskoye,2019-10-12 23:47:45,34.02,45.02,UA,69,24,50.23,3.88,50.23
Mansa,2019-10-12 23:47:46,72.66,23.43,IN,77,1,69.8,5.08,69.8
Kavaratti,2019-10-12 23:47:46,72.64,10.57,IN,73,69,83.14,7.55,83.14
Cedartown,2019-10-12 23:47:46,-85.26,34.01,US,72,90,70.0,3.89,66.04
Georgetown,2019-10-12 23:47:47,-58.16,6.8,GY,78,20,82.4,9.17,82.4
Wabrzezno,2019-10-12 23:47:47,18.95,53.28,PL,87,62,57.0,5.82,55.31
Ribeira Grande,2019-10-12 23:47:47,-28.7,38.52,PT,74,32,59.45,14.5,59.45
Chara,2019-10-12 23:47:47,22.43,39.42,GR,93,20,60.8,0.43,59.86
New Norfolk,2019-10-12 23:47:48,147.06,-42.78,AU,57,75,57.99,6.93,55.53
Lata,2019-10-12 23:47:48,78.62,30.78,IN,38,0,27.81,4.02,27.81
Stephenville Crossing,2019-10-12 23:47:48,-58.44,48.5,CA,87,90,48.2,18.34,48.06
Faanui,2019-10-12 23:47:48,-151.75,-16.48,PF,73,4,75.15,19.56,75.15
San Patricio,2019-10-12 23:47:49,-56.83,-26.98,PY,49,0,84.22,5.81,84.22
Santiago de Cao,2019-10-12 23:47:49,-79.24,-7.96,PE,82,20,62.6,8.05,62.6
Naze,2019-10-12 23:47:49,7.07,5.43,NG,94,75,75.2,2.84,75.2
Adrar,2019-10-12 23:47:49,-0.29,27.87,DZ,77,40,60.8,16.11,60.8
Egvekinot,2019-10-12 23:47:50,-179.17,66.32,RU,90,42,21.63,4.85,21.63
Pechenga,2019-10-12 23:47:50,41.46,58.89,RU,86,74,46.26,11.64,46.26
Riberalta,2019-10-12 23:47:50,-66.08,-11.0,BO,78,90,78.8,9.17,78.8
Jalu,2019-10-12 23:47:51,21.55,29.03,LY,47,0,74.77,10.2,74.77
Kaitangata,2019-10-12 23:47:51,169.85,-46.28,NZ,72,94,48.99,14.0,48.99
Brae,2019-10-12 23:47:51,-1.35,60.4,GB,93,1,42.8,1.12,42.01
Dawson Creek,2019-10-12 23:47:51,-120.23,55.76,CA,75,40,51.8,12.75,50.29
Ambo,2019-10-12 23:47:52,37.86,8.98,ET,83,100,49.39,6.37,49.39
Seydi,2019-10-12 23:47:52,7.75,13.34,NE,52,78,84.7,7.57,84.7
Chuy,2019-10-12 23:47:52,-53.46,-33.69,UY,97,100,64.69,8.33,64.69
Union City,2019-10-12 23:47:53,-89.06,36.42,US,50,1,55.99,3.28,53.13
Killybegs,2019-10-12 23:47:53,-8.45,54.63,IE,95,1,41.0,1.99,41.0
Jamame,2019-10-12 23:47:53,42.75,0.07,SO,84,47,79.86,11.81,79.86
Lesnoy,2019-10-12 23:47:54,52.13,59.78,RU,90,88,41.77,13.75,41.77
Laguna,2019-10-12 23:47:54,-88.94,16.17,BZ,88,40,80.6,4.7,80.6
Idah,2019-10-12 23:47:54,6.73,7.11,NG,96,99,72.37,4.27,72.37
Sinop,2019-10-12 23:47:54,35.15,42.03,TR,77,0,60.51,18.31,60.51
Natchitoches,2019-10-12 23:47:55,-93.09,31.76,US,42,1,64.4,3.35,61.9
Bambanglipuro,2019-10-12 23:47:55,110.28,-7.95,ID,75,85,76.84,5.94,76.84
Praia da Vitoria,2019-10-12 23:47:55,-27.07,38.73,PT,67,75,60.8,15.6,60.8
Touros,2019-10-12 23:48:40,-35.46,-5.2,BR,78,40,77.0,5.82,77.0
Avarua,2019-10-12 23:48:41,-159.78,-21.21,CK,57,97,75.2,10.29,75.2
Kahului,2019-10-12 23:48:41,-156.47,20.89,US,74,75,86.0,18.34,82.54
Warrington,2019-10-12 23:48:41,-2.59,53.39,GB,100,100,53.01,5.82,51.13
Ahipara,2019-10-12 23:48:41,173.16,-35.17,NZ,74,96,72.0,10.45,72.0
Avera,2019-10-12 23:48:42,-82.53,33.19,US,56,40,84.2,6.23,77.05
Ensley,2019-10-12 23:48:42,-86.89,33.51,US,68,90,66.0,3.54,62.82
Xam Nua,2019-10-12 23:48:42,104.04,20.42,LA,99,52,64.72,2.14,64.72
Omboue,2019-10-12 23:48:42,9.26,-1.57,GA,98,79,73.31,2.61,73.31
Shestakovo,2019-10-12 23:48:43,103.96,56.49,RU,78,0,19.06,2.42,19.06
La Ronge,2019-10-12 23:48:43,-105.3,55.1,CA,41,5,42.8,5.82,42.8
Manthani,2019-10-12 23:48:43,79.67,18.65,IN,92,0,73.27,3.06,73.27
Bara,2019-10-12 23:48:43,10.6,10.41,NG,86,23,74.52,4.38,74.52
Pochutla,2019-10-12 23:48:44,-96.47,15.74,MX,66,40,87.8,9.66,85.96
Ternate,2019-10-12 23:48:44,120.72,14.29,PH,78,40,82.99,3.36,81.54
West Plains,2019-10-12 23:48:44,-91.85,36.73,US,41,1,57.2,8.05,54.57
Norman Wells,2019-10-12 23:48:45,-126.83,65.28,CA,94,90,32.0,18.34,32.0
Aripuana,2019-10-12 23:48:45,-60.63,-9.17,BR,61,76,80.62,2.15,80.62
Okha,2019-10-12 23:48:45,142.95,53.59,RU,68,70,34.29,17.62,34.29
Pangkalanbuun,2019-10-12 23:48:45,111.62,-2.68,ID,89,100,77.47,0.98,77.47
Bilma,2019-10-12 23:48:46,12.92,18.69,NE,15,4,86.4,18.62,86.4
Saint-Paul,2019-10-12 23:48:46,1.9,45.22,FR,82,75,64.0,10.29,62.47
Cabo San Lucas,2019-10-12 23:48:46,-109.91,22.89,MX,78,90,82.99,9.17,81.21
Aitape,2019-10-12 23:48:46,142.36,-3.15,PG,73,100,81.48,6.78,81.48
Kieta,2019-10-12 23:48:47,155.63,-6.22,PG,69,94,83.44,4.19,83.44
Mujiayingzi,2019-10-12 23:48:47,118.78,42.12,CN,27,100,34.39,12.44,34.39
Port Keats,2019-10-12 23:48:47,129.55,-14.25,AU,46,37,87.84,5.57,87.84
Nemuro,2019-10-12 23:48:48,145.57,43.32,JP,93,75,44.6,17.22,44.6
Sept-Iles,2019-10-12 23:48:48,-66.38,50.2,CA,61,75,48.2,9.17,48.2
Saint-Pierre,2019-10-12 23:48:48,4.24,48.95,FR,100,17,64.4,12.75,60.91
Fairbanks,2019-10-12 23:48:49,-147.72,64.84,US,69,1,35.6,5.82,33.03
Nizhneivkino,2019-10-12 23:48:49,49.52,58.19,RU,91,100,45.32,19.11,45.32
Almaznyy,2019-10-12 23:48:49,40.04,48.03,RU,81,83,49.69,10.27,49.69
Seymchan,2019-10-12 23:48:49,152.39,62.93,RU,81,100,14.36,7.87,14.36
Inhambane,2019-10-12 23:48:50,35.38,-23.87,MZ,73,0,70.52,9.2,70.52
Bonavista,2019-10-12 23:48:50,-53.11,48.65,CA,87,100,46.99,4.0,46.99
Bilibino,2019-10-12 23:48:50,166.44,68.06,RU,89,82,18.66,4.09,18.66
Houston,2019-10-12 23:46:13,-95.37,29.76,US,40,1,70.0,10.29,64.92
Lorengau,2019-10-12 23:48:50,147.27,-2.02,PG,69,95,83.43,2.77,83.43
Tonantins,2019-10-12 23:48:50,-67.77,-2.86,BR,96,95,70.21,6.45,70.21
Santa Cruz,2019-10-12 23:48:51,-36.02,-6.22,BR,70,1,72.34,11.85,72.34
Hovd,2019-10-12 23:48:51,10.7,63.83,NO,86,75,45.0,14.99,41.61
Krasnyy Bogatyr,2019-10-12 23:48:51,41.13,56.01,RU,89,100,50.79,10.09,50.79
Chester,2019-10-12 23:48:51,-2.89,53.19,GB,100,100,53.01,5.82,51.4
Gillette,2019-10-12 23:48:52,-105.5,44.29,US,29,1,50.0,18.34,50.0
Omsukchan,2019-10-12 23:48:52,155.8,62.53,RU,88,100,24.1,2.35,24.1
Buraydah,2019-10-12 23:48:52,43.97,26.33,SA,41,0,75.2,2.24,75.2
Manicore,2019-10-12 23:48:53,-61.3,-5.81,BR,83,91,75.22,2.94,75.22
Geraldton,2019-10-12 23:48:53,-86.95,49.72,CA,94,90,35.6,3.36,35.6
Hendek,2019-10-12 23:48:53,30.75,40.8,TR,100,20,46.4,1.45,46.4
Gamba,2019-10-12 23:49:40,88.52,28.28,CN,70,0,26.04,0.49,26.04
Victoria,2019-10-12 23:49:41,115.24,5.28,BN,94,75,78.8,3.39,77.7
Matara,2019-10-12 23:49:41,29.48,-3.48,BI,90,67,56.89,4.34,56.89
Westlake Village,2019-10-12 23:49:41,-118.81,34.15,US,64,20,84.2,8.05,75.02
Paamiut,2019-10-12 23:49:42,-49.67,61.99,GL,90,100,31.98,2.1,31.98
Biak,2019-10-12 23:49:42,122.88,-0.91,ID,77,50,81.14,8.39,81.14
Yerbogachen,2019-10-12 23:49:42,108.01,61.28,RU,77,2,19.09,8.23,19.09
Mount Gambier,2019-10-12 23:49:42,140.78,-37.83,AU,55,100,60.8,14.99,60.8
Vredendal,2019-10-12 23:49:43,18.49,-31.68,ZA,72,0,55.4,2.01,55.4
Maragogi,2019-10-12 23:49:43,-35.22,-9.01,BR,75,75,78.31,19.48,78.31
Shenjiamen,2019-10-12 23:49:44,122.3,29.96,CN,72,16,72.59,11.2,72.59
Suileng,2019-10-12 23:49:44,127.08,47.25,CN,27,0,34.0,2.52,34.0
Upernavik,2019-10-12 23:49:44,-56.15,72.79,GL,63,98,27.46,10.84,27.46
Auki,2019-10-12 23:49:44,6.51,12.18,NG,81,53,75.6,6.85,75.6
Labuhan,2019-10-12 23:49:44,115.51,-2.54,ID,67,70,81.75,0.54,81.75
Leshukonskoye,2019-10-12 23:49:45,45.76,64.9,RU,95,100,39.7,6.44,39.7
Awjilah,2019-10-12 23:49:45,21.3,29.14,LY,47,0,74.77,10.2,74.77
Sorong,2019-10-12 23:49:45,131.25,-0.86,ID,98,100,74.07,2.34,74.07
Ville-Marie,2019-10-12 23:49:45,-79.44,47.33,CA,75,90,42.8,16.11,42.8
Tyube,2019-10-12 23:49:46,47.29,43.05,RU,52,0,54.93,5.03,54.93
Ozinki,2019-10-12 23:49:46,49.73,51.2,RU,82,0,45.81,7.88,45.81
Longyearbyen,2019-10-12 23:49:46,15.63,78.22,NO,73,20,21.2,3.36,21.2
Metro,2019-10-12 23:49:46,105.31,-5.11,ID,81,75,77.16,8.36,77.16
Camacha,2019-10-12 23:49:46,-16.33,33.08,PT,77,20,69.8,8.05,69.8
Cidreira,2019-10-12 23:49:47,-50.22,-30.17,BR,76,0,73.29,16.61,73.29
Severo-Kurilsk,2019-10-12 23:49:47,156.12,50.68,RU,57,99,38.41,3.43,38.41
Shelburne,2019-10-12 23:49:47,-80.2,44.08,CA,79,20,46.4,4.7,42.67
Havre,2019-10-12 23:49:47,-109.68,48.55,US,30,1,53.6,0.84,53.6
Cockburn Town,2019-10-12 23:49:47,-71.14,21.46,TC,75,7,82.98,12.0,82.98
Rome,2019-10-12 23:49:48,12.48,41.89,IT,82,100,61.0,5.82,57.99
Sahuaripa,2019-10-12 23:49:48,-109.23,29.05,MX,40,0,73.92,5.75,73.92
Calvia,2019-10-12 23:49:48,2.51,39.57,ES,83,83,73.0,5.82,70.41
Fort Nelson,2019-10-12 23:49:48,-122.69,58.81,CA,27,20,53.6,9.17,53.6
Buala,2019-10-12 23:49:49,159.59,-8.15,SB,68,97,84.76,7.27,84.76
Klaksvik,2019-10-12 23:49:49,-6.59,62.23,FO,86,32,37.4,6.93,37.4
Brand-Erbisdorf,2019-10-12 23:49:49,13.32,50.87,DE,63,83,64.99,11.41,60.28
Altamira,2019-10-12 23:49:49,-52.21,-3.2,BR,61,30,80.58,2.03,80.58
Changtu,2019-10-12 23:49:49,124.11,42.78,CN,38,99,40.17,9.87,40.17
Mitsamiouli,2019-10-12 23:49:50,43.28,-11.38,KM,81,0,77.77,3.76,77.77
Kapit,2019-10-12 23:49:50,112.94,2.02,MY,98,100,74.7,1.21,74.7
Nabire,2019-10-12 23:49:50,135.5,-3.36,ID,76,65,82.6,1.2,82.6
Buckeye,2019-10-12 23:49:50,-112.58,33.37,US,13,1,90.0,5.82,87.64
Morant Bay,2019-10-12 23:49:51,-76.41,17.88,JM,62,20,84.2,8.05,84.2
Puqi,2019-10-12 23:49:51,113.88,29.72,CN,83,85,64.74,2.48,64.74
Finnsnes,2019-10-12 23:49:51,17.98,69.23,NO,85,22,24.8,17.22,20.68
Tual,2019-10-12 23:49:51,132.75,-5.67,ID,79,65,80.01,3.86,80.01
Alekseyevsk,2019-10-12 23:49:52,108.35,57.84,RU,73,0,20.75,6.1,20.75
Fortuna,2019-10-12 23:49:52,-124.16,40.6,US,58,20,60.01,11.41,58.51
Kresttsy,2019-10-12 23:49:52,32.52,58.25,RU,87,96,47.48,12.69,47.48
Panama City,2019-10-12 23:49:52,-85.65,30.16,US,69,1,81.0,11.41,80.02
Hofn,2019-10-12 23:49:53,-15.21,64.25,IS,70,74,42.26,11.69,42.26
Benito Juarez,2019-10-12 23:49:53,-79.63,22.29,CU,78,20,80.6,5.82,80.6
Ballina,2019-10-12 23:49:53,-9.15,54.11,IE,95,0,46.0,1.99,43.03
Burnie,2019-10-12 23:49:53,145.91,-41.05,AU,69,80,57.0,8.99,54.37
Guatire,2019-10-12 23:49:54,-66.54,10.47,VE,77,100,73.99,4.0,73.49
Vagur,2019-10-12 23:49:54,-6.81,61.47,FO,75,62,45.88,12.28,45.88
Carros,2019-10-12 23:50:40,7.19,43.78,FR,77,11,61.0,6.93,58.82
Staryy Nadym,2019-10-12 23:50:41,72.68,65.61,RU,96,100,38.28,10.44,38.28
Vrangel,2019-10-12 23:50:41,133.08,42.73,RU,43,0,47.88,15.09,47.88
Aykhal,2019-10-12 23:50:42,111.51,65.95,RU,55,100,12.43,5.69,12.43
Kayerkan,2019-10-12 23:50:42,87.76,69.35,RU,89,100,26.65,18.69,26.65
Araouane,2019-10-12 23:50:42,-3.53,18.9,ML,25,2,91.06,2.13,91.06
Kalemie,2019-10-12 23:50:42,29.2,-5.95,CD,79,27,68.02,3.3,68.02
Xunchang,2019-10-12 23:50:43,104.71,28.45,CN,74,40,63.5,2.2,63.5
Kargopol,2019-10-12 23:50:43,38.95,61.51,RU,96,100,43.9,5.59,43.9
Nuuk,2019-10-12 23:50:43,-51.74,64.17,GL,96,90,32.0,6.93,32.0
Raudeberg,2019-10-12 23:50:43,5.14,61.99,NO,86,77,41.0,4.7,40.28
Maksatikha,2019-10-12 23:50:44,35.88,57.8,RU,81,61,47.34,12.48,47.34
Narasannapeta,2019-10-12 23:50:44,84.04,18.42,IN,90,65,75.0,3.0,75.0
Stromness,2019-10-12 23:50:44,-79.55,42.87,CA,70,20,52.0,11.41,48.2
Varhaug,2019-10-12 23:50:45,5.65,58.61,NO,76,40,52.0,11.41,49.19
Alofi,2019-10-12 23:50:45,-169.92,-19.06,NU,51,14,80.6,16.11,80.6
Grand Gaube,2019-10-12 23:50:45,57.66,-20.01,MU,83,40,73.0,6.93,72.23
Aginskoye,2019-10-12 23:50:45,114.54,51.11,RU,61,74,21.94,16.82,21.94
Satis,2019-10-12 23:50:45,43.23,54.92,RU,91,100,49.62,15.74,49.62
San Jose,2019-10-12 23:47:16,-87.96,14.25,HN,92,87,65.88,3.62,65.88
Mumford,2019-10-12 23:50:46,-0.76,5.26,GH,95,100,73.78,1.24,73.78
Gambela,2019-10-12 23:50:46,34.59,8.25,ET,90,100,69.93,1.93,69.93
Havre-Saint-Pierre,2019-10-12 23:50:46,-63.6,50.23,CA,61,90,48.2,4.7,48.2
Henties Bay,2019-10-12 23:50:46,14.28,-22.12,NA,87,44,63.0,5.99,63.0
Tallahassee,2019-10-12 23:50:47,-84.28,30.44,US,69,1,82.4,4.7,77.81
Noumea,2019-10-12 23:50:47,166.46,-22.28,NC,48,98,87.8,5.82,87.8
Doka,2019-10-12 23:50:47,35.76,13.52,SD,70,69,75.33,3.09,75.33
Leningradskiy,2019-10-12 23:50:48,178.42,69.38,RU,65,99,30.79,10.17,30.79
Ayorou,2019-10-12 23:50:48,0.92,14.73,NE,46,96,87.62,12.13,87.62
Parrsboro,2019-10-12 23:50:48,-64.33,45.41,CA,100,90,55.0,4.7,53.65
Harper,2019-10-12 23:50:48,-99.24,30.3,US,31,75,64.4,8.45,61.79
Kansanshi,2019-10-12 23:50:49,26.43,-12.1,ZM,64,83,68.13,7.09,68.13
Skelleftea,2019-10-12 23:50:49,20.95,64.75,SE,100,93,30.99,3.36,30.61
Portland,2019-10-12 23:46:22,-70.25,43.66,US,93,90,55.0,9.86,53.26
Yumen,2019-10-12 23:50:49,97.04,40.29,CN,29,43,45.7,18.71,45.7
Birjand,2019-10-12 23:50:49,59.22,32.86,IR,42,0,48.31,3.62,48.31
Kinkala,2019-10-12 23:50:50,14.75,-4.35,CG,83,75,77.0,3.36,77.0
Pietermaritzburg,2019-10-12 23:50:50,30.38,-29.6,ZA,78,78,72.0,1.01,67.73
Zarubino,2019-10-12 23:50:50,131.06,42.65,RU,45,86,47.05,10.33,47.05
Abu Dhabi,2019-10-12 23:50:50,54.37,24.47,AE,55,0,86.0,3.36,85.06
Yichang,2019-10-12 23:50:50,111.32,30.77,CN,73,11,60.87,3.15,60.87
Novovasylivka,2019-10-12 23:50:51,37.04,48.2,UA,73,33,49.55,10.65,49.55
Pacific Grove,2019-10-12 23:50:51,-121.92,36.62,US,48,1,84.2,4.9,71.58
Bafoulabe,2019-10-12 23:50:51,-10.83,13.81,ML,79,48,78.66,1.95,78.66
Ponta Delgada,2019-10-12 23:50:51,-25.67,37.73,PT,59,20,60.8,9.17,60.8
Rundu,2019-10-12 23:50:52,19.77,-17.91,NA,49,100,73.4,2.24,73.4
Alice Springs,2019-10-12 23:50:52,133.88,-23.7,AU,7,31,93.2,16.11,93.2
Challans,2019-10-12 23:50:52,-1.88,46.85,FR,100,16,59.0,3.36,57.88
Beyneu,2019-10-12 23:50:53,55.19,45.32,KZ,79,100,56.23,14.28,56.23
Anadyr,2019-10-12 23:50:53,177.51,64.73,RU,74,97,33.8,11.18,33.4
Jasper,2019-10-12 23:50:53,-87.28,33.83,US,45,1,64.4,5.12,61.38
Sokolo,2019-10-12 23:51:40,-6.12,14.74,ML,47,92,85.6,9.35,85.6
Maryville,2019-10-12 23:51:41,-83.97,35.76,US,76,90,59.0,3.98,53.98
Ancud,2019-10-12 23:51:41,-73.83,-41.87,CL,66,18,48.2,11.41,48.2
Honningsvag,2019-10-12 23:51:41,25.97,70.98,NO,72,98,37.38,9.27,37.38
Chadiza,2019-10-12 23:51:41,32.43,-14.06,ZM,72,21,67.77,3.54,67.77
Ouadda,2019-10-12 23:51:42,22.4,8.07,CF,98,96,65.68,2.12,65.68
Vanimo,2019-10-12 23:51:42,141.3,-2.67,PG,76,100,81.32,8.89,81.32
Uyo,2019-10-12 23:51:42,7.92,5.03,NG,94,71,73.18,2.78,73.18
Qeshm,2019-10-12 23:51:42,56.27,26.96,IR,83,0,84.2,4.7,83.34
Balakhninskiy,2019-10-12 23:51:42,114.28,58.01,RU,95,80,7.54,2.71,7.54
Krompachy,2019-10-12 23:51:43,20.88,48.91,SK,93,36,48.99,1.12,43.48
Broome,2019-10-12 23:51:43,1.45,52.47,GB,100,100,53.01,2.24,51.51
Bayan,2019-10-12 23:51:43,102.26,36.1,CN,77,100,38.17,0.79,38.17
Nome,2019-10-12 23:51:43,-94.42,30.04,US,48,1,69.8,9.17,64.18
Sinnamary,2019-10-12 23:51:44,-52.96,5.38,GF,80,50,81.1,9.57,81.1
Kavieng,2019-10-12 23:51:44,150.8,-2.57,PG,67,100,84.9,3.57,84.9
Altay,2019-10-12 23:51:44,88.13,47.83,CN,46,0,36.81,5.14,36.81
Mandalgovi,2019-10-12 23:51:45,106.27,45.76,MN,61,0,16.65,10.03,16.65
Sobolevo,2019-10-12 23:51:45,31.9,54.43,RU,88,100,50.27,9.84,50.27
Alyangula,2019-10-12 23:51:45,136.42,-13.85,AU,61,5,80.6,4.7,80.6
Mersing,2019-10-12 23:51:45,103.84,2.43,MY,72,69,82.8,3.83,82.8
Nantucket,2019-10-12 23:51:46,-70.1,41.28,US,93,90,55.99,19.46,54.61
Arlit,2019-10-12 23:51:46,7.39,18.74,NE,17,28,90.7,8.34,90.7
Tra Vinh,2019-10-12 23:51:46,106.35,9.93,VN,89,51,78.1,1.5,78.1
Qaqortoq,2019-10-12 23:51:46,-46.03,60.72,GL,69,100,32.0,3.36,32.0
Manado,2019-10-12 23:51:47,124.85,1.49,ID,70,20,84.2,4.7,84.2
Kirovskiy,2019-10-12 23:51:47,133.51,45.09,RU,39,1,39.58,3.61,39.58
Fengrun,2019-10-12 23:51:47,118.12,39.83,CN,24,99,53.35,2.96,53.35
Novopokrovka,2019-10-12 23:51:47,36.56,49.84,UA,87,26,51.8,13.42,51.8
Pedernales,2019-10-12 23:51:48,-80.05,0.07,EC,85,84,71.64,7.91,71.64
Lucea,2019-10-12 23:51:48,-78.17,18.44,JM,78,20,78.8,4.7,78.8
Lasa,2019-10-12 23:51:48,32.53,34.92,CY,46,0,71.6,6.93,70.84
Srednekolymsk,2019-10-12 23:51:48,153.71,67.46,RU,95,100,27.18,12.87,27.18
Arona,2019-10-12 23:51:49,8.56,45.76,IT,100,8,57.99,2.24,52.25
San Quintin,2019-10-12 23:51:49,120.52,17.54,PH,76,56,74.44,5.18,74.44
Douentza,2019-10-12 23:51:49,-2.95,15.01,ML,48,24,84.04,8.64,84.04
Tommot,2019-10-12 23:51:49,126.27,58.97,RU,89,100,16.21,10.69,16.21
Balod,2019-10-12 23:51:50,81.21,20.73,IN,95,2,68.4,2.91,68.4
Morgan City,2019-10-12 23:51:50,-91.21,29.7,US,64,90,72.0,4.7,68.67
Nagato,2019-10-12 23:51:50,131.14,34.35,JP,55,75,68.0,4.7,66.72
Hamilton,2019-10-12 23:51:50,-79.87,43.26,CA,70,20,51.01,11.41,46.83
Taksimo,2019-10-12 23:51:51,114.84,56.36,RU,59,31,15.37,4.77,15.37
Pringsewu,2019-10-12 23:51:51,104.98,-5.36,ID,91,98,73.11,3.12,73.11
Garowe,2019-10-12 23:51:51,48.48,8.41,SO,78,100,75.74,11.5,75.74
Belaya Gora,2019-10-12 23:51:51,146.19,68.54,RU,94,100,21.87,13.26,21.87
Codrington,2019-10-12 23:51:52,153.24,-28.95,AU,60,90,68.0,14.99,66.58
Yanji,2019-10-12 23:51:52,129.5,42.89,CN,43,25,43.84,0.38,43.84
Sabha,2019-10-12 23:51:52,14.43,27.03,LY,64,0,69.85,10.11,69.85
Dogondoutchi,2019-10-12 23:51:52,4.03,13.64,NE,56,37,84.4,6.23,84.4
Yenagoa,2019-10-12 23:51:52,6.26,4.92,NG,98,96,73.35,2.84,73.35
Dehloran,2019-10-12 23:51:53,47.27,32.69,IR,31,6,77.61,5.36,77.61
Neryungri,2019-10-12 23:51:53,124.71,56.66,RU,87,89,10.13,7.42,10.13
Waipawa,2019-10-12 23:51:53,176.59,-39.94,NZ,60,98,64.0,1.01,64.0
Bolgatanga,2019-10-12 23:51:54,-0.85,10.79,GH,92,61,74.03,7.2,74.03
Santo Domingo,2019-10-12 23:52:40,-69.94,18.48,DO,83,75,80.6,2.72,79.48
Qasigiannguit,2019-10-12 23:52:41,-51.19,68.82,GL,68,90,24.8,2.24,24.8
Macamic,2019-10-12 23:52:41,-79.0,48.75,CA,93,75,44.6,6.93,44.6
Diamantino,2019-10-12 23:52:41,-56.44,-14.4,BR,72,21,76.32,3.88,76.32
Skjervoy,2019-10-12 23:52:41,20.97,70.03,NO,65,25,35.13,10.28,35.13
Kaeo,2019-10-12 23:52:42,173.78,-35.1,NZ,74,94,72.0,10.0,67.8
Oistins,2019-10-12 23:52:42,-59.53,13.07,BB,78,40,82.4,10.29,82.4
Kursenai,2019-10-12 23:52:42,22.92,55.98,LT,93,75,50.0,12.75,50.0
Comodoro Rivadavia,2019-10-12 23:52:42,-67.48,-45.87,AR,42,40,48.2,10.29,48.2
Gat,2019-10-12 23:52:42,-16.54,14.69,SN,83,44,84.2,10.29,82.53
Westport,2019-10-12 23:52:43,-73.36,41.14,US,72,1,64.0,6.1,57.87
Iquitos,2019-10-12 23:52:43,-73.25,-3.75,PE,319,20,42.8,3.36,42.8
Knysna,2019-10-12 23:52:43,23.05,-34.04,ZA,82,25,55.4,3.36,55.4
Homer,2019-10-12 23:52:43,-151.54,59.64,US,49,1,46.4,10.29,44.19
Filadelfia,2019-10-12 23:52:43,-60.04,-22.35,PY,29,0,93.25,18.67,93.25
Grand-Santi,2019-10-12 23:52:44,-54.38,4.27,GF,81,84,75.61,2.24,75.61
Meulaboh,2019-10-12 23:52:44,96.13,4.14,ID,79,100,80.08,3.47,80.08
Susanville,2019-10-12 23:52:44,-120.65,40.42,US,15,1,66.2,4.7,65.01
Luanda,2019-10-12 23:52:44,13.24,-8.83,AO,78,75,77.0,6.93,77.0
Hami,2019-10-12 23:52:44,93.51,42.84,CN,43,100,57.69,24.45,57.69
San Francisco,2019-10-12 23:52:45,-76.88,1.17,CO,40,40,73.4,13.87,73.4
Northam,2019-10-12 23:52:45,116.67,-31.65,AU,87,90,51.8,4.7,51.8
Kholmogory,2019-10-12 23:52:45,41.65,64.23,RU,94,100,42.49,9.0,42.49
Los Ranchos de Albuquerque,2019-10-12 23:52:46,-106.64,35.16,US,24,75,69.01,11.41,65.41
Airai,2019-10-12 23:52:46,125.41,-8.93,TL,9,77,83.48,5.84,83.48
Seoul,2019-10-12 23:52:46,126.98,37.57,KR,81,1,57.2,3.36,55.08
Baikunthpur,2019-10-12 23:52:47,82.56,23.26,IN,74,0,63.52,0.32,63.52
Iqaluit,2019-10-12 23:52:47,-68.52,63.75,CA,86,75,28.4,13.87,28.17
Yuma,2019-10-12 23:52:47,-114.62,32.73,US,5,1,89.6,1.25,87.85
Luis Correia,2019-10-12 23:52:47,-41.67,-2.88,BR,71,12,77.7,11.52,77.7
Sihora,2019-10-12 23:52:48,80.11,23.49,IN,74,20,68.99,0.59,68.99
Acajutla,2019-10-12 23:52:48,-89.83,13.59,SV,58,74,84.2,2.24,84.2
Marzuq,2019-10-12 23:52:48,46.47,14.4,YE,59,36,70.68,3.96,70.68
Boa Vista,2019-10-12 23:52:49,-60.67,2.82,BR,58,89,86.0,4.7,86.0
Monterey,2019-10-12 23:52:49,-121.89,36.6,US,48,1,84.2,4.9,70.68
Basco,2019-10-12 23:52:49,-91.2,40.33,US,56,1,60.8,14.99,57.36
Maryborough,2019-10-12 23:52:49,152.7,-25.54,AU,42,0,76.5,3.78,76.5
Hatillo,2019-10-12 23:52:49,-66.83,18.49,PR,74,40,82.99,6.42,79.97
Elat,2019-10-12 23:52:50,11.16,2.91,CM,99,80,66.87,1.93,66.87
Rio Grande,2019-10-12 23:52:50,-52.1,-32.03,BR,94,100,73.4,9.17,71.38
Zyryanovsk,2019-10-12 23:52:50,84.27,49.74,KZ,79,0,39.25,1.38,39.25
Sisophon,2019-10-12 23:52:50,102.97,13.59,KH,87,29,77.61,1.11,77.61
Vaitape,2019-10-12 23:52:50,-151.75,-16.52,PF,73,4,75.15,19.56,75.15
Kerchevskiy,2019-10-12 23:52:51,56.29,59.95,RU,94,5,35.85,9.08,35.85
Goundam,2019-10-12 23:52:51,-3.66,16.42,ML,40,0,88.84,6.26,88.84
Tautira,2019-10-12 23:52:51,-149.15,-17.73,PF,54,20,80.6,11.41,80.26
Fort Wellington,2019-10-12 23:52:51,-57.6,6.4,GY,80,66,81.97,16.72,81.97
Manoel Urbano,2019-10-12 23:52:51,-69.26,-8.84,BR,99,100,70.72,3.93,70.72
San Cristobal,2019-10-12 23:52:52,-86.92,14.68,HN,89,96,68.5,2.47,68.5
Setermoen,2019-10-12 23:52:52,18.35,68.86,NO,85,26,15.8,17.22,15.8
Turayf,2019-10-12 23:52:52,38.65,31.68,SA,40,0,71.6,13.87,71.6
Khani,2019-10-12 23:52:52,42.96,41.96,GE,100,24,50.0,5.82,50.0
Tall Kayf,2019-10-12 23:52:53,41.07,37.08,TR,34,0,72.48,11.82,72.48
Kyabe,2019-10-12 23:53:40,18.94,9.45,TD,91,79,69.66,4.69,69.66
Lensk,2019-10-12 23:53:41,114.91,60.71,RU,87,13,17.08,11.52,17.08
Takoradi,2019-10-12 23:53:41,-1.75,4.89,GH,91,100,77.02,7.29,77.02
Rome,2019-10-12 23:53:41,12.48,41.89,IT,82,100,62.01,5.82,57.79
Manggar,2019-10-12 23:53:41,108.27,-2.88,ID,77,100,80.73,12.07,80.73
Petropavlovsk-Kamchatskiy,2019-10-12 23:53:41,158.65,53.05,RU,45,69,44.6,8.95,44.6
Acapulco,2019-10-12 23:53:42,-99.88,16.86,MX,74,75,86.0,6.93,86.0
Rudnya,2019-10-12 23:53:42,44.56,50.8,RU,75,58,49.21,13.57,49.21
Santa Cruz Cabralia,2019-10-12 23:53:42,-39.02,-16.28,BR,69,0,77.0,11.41,77.0
Ignatovka,2019-10-12 23:53:42,47.65,53.95,RU,80,100,47.43,15.96,47.43
West Richland,2019-10-12 23:53:43,-119.35,46.3,US,30,1,59.0,5.82,55.69
Grenfell,2019-10-12 23:53:43,148.16,-33.9,AU,47,60,64.08,1.64,64.08
Tahlequah,2019-10-12 23:53:43,-94.97,35.92,US,60,1,57.2,5.67,55.87
Hobyo,2019-10-12 23:53:43,48.53,5.35,SO,83,70,78.98,10.07,78.98
Cherdyn,2019-10-12 23:53:43,56.48,60.4,RU,94,15,35.33,8.74,35.33
Praya,2019-10-12 23:53:44,116.27,-8.71,ID,88,40,78.8,3.36,78.8
Paralimni,2019-10-12 23:53:44,23.67,40.99,GR,76,0,64.0,3.0,60.84
Tazovskiy,2019-10-12 23:53:44,78.7,67.47,RU,97,100,36.27,11.21,36.27
Izhma,2019-10-12 23:53:44,53.91,65.01,RU,90,100,39.63,8.77,39.63
Sulangan,2019-10-12 23:53:44,123.72,11.14,PH,74,91,82.56,10.03,82.56
Amealco,2019-10-12 23:53:45,-100.15,20.18,MX,49,75,73.4,14.99,73.4
Pulandian,2019-10-12 23:53:45,121.96,39.4,CN,54,48,53.6,4.47,53.6
Iskateley,2019-10-12 23:53:45,53.15,67.68,RU,88,100,36.59,12.29,36.59
Ordzhonikidze,2019-10-12 23:53:45,35.36,44.96,UA,66,13,60.91,8.96,60.91
Moses Lake,2019-10-12 23:53:45,-119.28,47.13,US,33,1,57.2,3.18,55.89
Bay Roberts,2019-10-12 23:53:46,-53.28,47.58,CA,93,90,48.0,12.75,46.92
Hirara,2019-10-12 23:53:46,125.28,24.8,JP,78,75,78.8,10.29,77.92
Ritchie,2019-10-12 23:53:46,24.6,-29.03,ZA,15,0,68.0,6.93,68.0
Plettenberg Bay,2019-10-12 23:53:46,23.37,-34.05,ZA,59,19,57.63,5.7,57.63
Sterling,2019-10-12 23:53:46,-77.4,39.0,US,67,1,66.99,8.05,61.68
Sertania,2019-10-12 23:53:47,-37.26,-8.07,BR,73,37,68.63,13.12,68.63
Innisfail,2019-10-12 23:53:47,146.03,-17.52,AU,48,45,81.0,1.01,81.0
Pangnirtung,2019-10-12 23:53:47,-65.72,66.15,CA,74,37,22.28,6.17,22.28
Omaruru,2019-10-12 23:53:47,15.95,-21.42,NA,46,41,63.45,0.93,63.45
Fuyang,2019-10-12 23:53:47,115.81,32.89,CN,77,29,63.95,7.04,63.95
Muisne,2019-10-12 23:53:48,-80.02,0.61,EC,83,40,78.8,11.41,78.8
Klyuchi,2019-10-12 23:53:48,79.17,52.25,RU,58,26,48.25,3.53,48.25
Marawi,2019-10-12 23:53:48,124.29,8.0,PH,78,76,81.0,5.01,81.0
Gornopravdinsk,2019-10-12 23:53:48,69.92,60.06,RU,95,100,42.64,7.11,42.64
Nuevo Casas Grandes,2019-10-12 23:53:49,-107.91,30.42,MX,42,5,70.86,2.66,70.86
Santa Cruz de la Palma,2019-10-12 23:53:49,-17.76,28.68,ES,68,0,69.8,5.82,69.8
Yarmouth,2019-10-12 23:53:49,-66.12,43.84,CA,100,90,57.0,10.29,55.72
Wapi Pathum,2019-10-12 23:53:49,103.38,15.84,TH,94,20,75.2,3.36,75.2
Jablonne nad Orlici,2019-10-12 23:53:50,16.6,50.03,CZ,81,14,52.0,5.82,50.07
Makakilo City,2019-10-12 23:53:50,-158.09,21.35,US,66,40,90.0,13.87,85.42
Peshkopi,2019-10-12 23:53:50,20.43,41.68,AL,100,0,59.0,2.24,59.0
Tezu,2019-10-12 23:53:50,96.16,27.93,IN,76,0,66.16,2.76,66.16
Puerto del Rosario,2019-10-12 23:53:50,-13.86,28.5,ES,73,5,71.6,6.93,70.59
Tatarskaya Pishlya,2019-10-12 23:53:51,44.9,54.06,RU,89,100,48.97,20.33,48.97
Ambulu,2019-10-12 23:53:51,113.61,-8.35,ID,85,75,74.79,5.33,74.79
Miyako,2019-10-12 23:53:51,130.94,33.63,JP,56,40,73.99,9.17,68.7
Non Sang,2019-10-12 23:53:51,102.57,16.87,TH,100,20,75.2,3.36,75.2
Bell Ville,2019-10-12 23:53:51,-62.69,-32.63,AR,89,90,70.32,18.35,70.32
Lodja,2019-10-12 23:53:52,23.6,-3.52,CD,99,72,68.11,2.72,68.11
Berdigestyakh,2019-10-12 23:54:40,126.7,62.1,RU,88,100,17.2,10.93,17.2
Fukue,2019-10-12 23:54:41,136.69,35.03,JP,68,20,75.0,34.45,71.78
Walvis Bay,2019-10-12 23:54:41,14.51,-22.95,NA,87,0,63.0,8.05,61.05
Cap-aux-Meules,2019-10-12 23:54:41,-61.86,47.38,CA,93,90,50.0,20.8,50.0
Vestmannaeyjar,2019-10-12 23:54:41,-20.27,63.44,IS,85,100,44.71,23.57,44.71
Dilla,2019-10-12 23:54:41,38.31,6.41,ET,96,87,52.72,2.92,52.72
Yinchuan,2019-10-12 23:54:42,106.21,38.48,CN,52,0,53.78,2.42,53.78
Moroni,2019-10-12 23:54:42,24.92,35.09,GR,78,20,71.6,13.87,68.4
Parana,2019-10-12 23:54:42,-72.89,-7.52,BR,94,40,75.2,3.36,75.2
Puertollano,2019-10-12 23:54:42,-4.11,38.69,ES,69,32,66.0,3.43,65.01
Tugulym,2019-10-12 23:54:42,64.64,57.06,RU,72,100,48.99,7.18,48.99
Puerto Colombia,2019-10-12 23:54:43,-74.96,10.99,CO,78,40,80.6,3.36,80.6
Sao Gabriel da Cachoeira,2019-10-12 23:54:43,-67.09,-0.13,BR,88,53,76.35,1.77,76.35
Namibe,2019-10-12 23:54:43,12.15,-15.19,AO,86,65,68.83,11.05,68.83
Abonnema,2019-10-12 23:54:43,6.79,4.71,NG,94,75,75.2,4.46,75.2
Naryan-Mar,2019-10-12 23:54:43,53.09,67.67,RU,88,100,36.59,12.29,36.59
Moron,2019-10-12 23:54:44,-74.26,18.56,HT,80,69,79.56,2.39,79.56
Xining,2019-10-12 23:54:44,101.77,36.62,CN,78,100,40.75,3.57,40.75
Panevezys,2019-10-12 23:54:44,24.35,55.73,LT,93,75,50.0,12.75,50.0
Vidim,2019-10-12 23:54:44,14.53,50.47,CZ,63,77,63.0,9.17,59.38
Tucupita,2019-10-12 23:54:45,-62.05,9.06,VE,86,11,76.64,4.88,76.64
Makokou,2019-10-12 23:54:45,12.85,0.56,GA,97,100,69.98,2.08,69.98
Martapura,2019-10-12 23:54:45,114.85,-3.41,ID,94,78,77.0,2.44,77.0
Trzcianka,2019-10-12 23:54:45,16.46,53.04,PL,78,80,58.33,8.9,58.33
Vila Franca do Campo,2019-10-12 23:54:45,-25.43,37.72,PT,59,20,60.8,9.17,60.8
Locri,2019-10-12 23:54:46,16.26,38.24,IT,83,40,72.0,3.74,69.12
Kralendijk,2019-10-12 23:54:46,-68.27,12.15,BQ,74,20,84.2,11.41,84.2
Dalvik,2019-10-12 23:54:46,14.13,57.79,SE,87,47,48.99,16.11,48.7
Devonport,2019-10-12 23:54:46,146.36,-41.18,AU,59,62,57.0,4.0,54.18
Waingapu,2019-10-12 23:54:47,120.26,-9.65,ID,76,59,79.0,4.02,79.0
Pacifica,2019-10-12 23:54:47,-122.49,37.61,US,72,1,81.0,9.17,75.94
Peterhead,2019-10-12 23:54:47,138.5,-34.83,AU,19,75,75.99,18.34,74.52
Kamenskiy,2019-10-12 23:54:47,45.49,50.89,RU,76,33,47.53,14.88,47.53
Denpasar,2019-10-12 23:54:48,115.22,-8.65,ID,94,40,77.0,3.36,77.0
Nerchinskiy Zavod,2019-10-12 23:54:48,119.61,51.31,RU,47,100,21.0,3.79,21.0
Bukachacha,2019-10-12 23:54:48,116.91,52.99,RU,48,58,19.85,6.7,19.85
Erzin,2019-10-12 23:54:48,36.2,36.95,TR,31,0,73.99,5.82,70.92
Churapcha,2019-10-12 23:54:48,132.43,62.0,RU,91,98,15.82,6.37,15.82
Otane,2019-10-12 23:54:49,176.62,-39.89,NZ,56,98,63.0,1.01,63.0
Maceio,2019-10-12 23:54:49,-35.74,-9.67,BR,69,75,78.8,13.87,78.8
Shahrud,2019-10-12 23:54:49,54.97,36.42,IR,76,27,54.91,11.67,54.91
Champerico,2019-10-12 23:54:49,-93.6,16.38,MX,65,75,82.4,14.99,82.4
Pitimbu,2019-10-12 23:54:50,-34.81,-7.47,BR,94,41,73.4,10.29,73.4
Vardo,2019-10-12 23:54:50,-77.74,39.62,US,59,1,62.6,9.17,58.93
Canico,2019-10-12 23:54:50,-16.85,32.63,PT,64,20,69.8,3.36,67.48
Saint-Ambroise,2019-10-12 23:54:50,-71.32,48.56,CA,66,90,54.0,11.41,52.39
Rawlins,2019-10-12 23:54:51,-107.24,41.79,US,13,1,55.4,13.87,52.99
Clovis,2019-10-12 23:54:51,-119.7,36.83,US,15,1,84.0,6.93,78.67
Janesville,2019-10-12 23:54:51,-89.02,42.68,US,65,75,55.4,21.92,44.8
Lagos,2019-10-12 23:54:51,3.39,6.46,NG,100,40,73.4,2.24,73.4
Zumpango,2019-10-12 23:54:51,-98.22,19.56,MX,56,75,68.0,12.75,68.0
Barabai,2019-10-12 23:54:52,115.38,-2.59,ID,67,70,81.75,0.54,81.75
Prince Rupert,2019-10-12 23:55:40,-130.32,54.32,CA,76,1,51.8,4.7,51.8
Sayyan,2019-10-12 23:55:41,44.32,15.17,YE,43,47,59.43,4.86,59.43
Redlands,2019-10-12 23:55:41,-117.19,34.06,US,10,1,89.6,8.05,76.96
Tocopilla,2019-10-12 23:55:41,-70.2,-22.09,CL,20,0,53.85,5.67,53.85
Rocha,2019-10-12 23:55:41,-54.34,-34.48,UY,99,100,63.84,6.11,63.84
Tagab,2019-10-12 23:55:41,69.65,34.85,AF,61,1,50.0,3.51,50.0
Alta Floresta,2019-10-12 23:55:42,-56.08,-9.87,BR,93,85,70.86,3.89,70.86
Arman,2019-10-12 23:55:42,150.17,59.7,RU,68,57,31.15,13.68,31.15
Hingatungan,2019-10-12 23:55:42,125.19,10.58,PH,84,98,77.02,1.83,77.02
Lomovka,2019-10-12 23:55:42,58.37,53.92,RU,97,100,39.51,3.26,39.51
Iberia,2019-10-12 23:55:42,-69.49,-11.41,PE,68,27,73.94,1.52,73.94
Suoyarvi,2019-10-12 23:55:43,32.35,62.08,RU,93,100,43.86,10.91,43.86
Margate,2019-10-12 23:55:43,147.26,-43.03,AU,58,75,57.99,4.7,55.96
Itoman,2019-10-12 23:55:43,127.67,26.12,JP,65,75,78.8,11.41,76.19
Mwinilunga,2019-10-12 23:55:43,24.43,-11.73,ZM,87,100,65.34,3.67,65.34
Buin,2019-10-12 23:55:44,-70.74,-33.73,CL,59,90,62.6,1.12,61.38
Alto Araguaia,2019-10-12 23:55:44,-53.22,-17.32,BR,65,74,74.1,5.44,74.1
Escanaba,2019-10-12 23:55:44,-87.06,45.75,US,86,90,41.0,13.87,37.49
Kutum,2019-10-12 23:55:44,24.66,14.2,SD,51,84,76.3,2.33,76.3
Thinadhoo,2019-10-12 23:55:45,72.93,0.53,MV,78,97,81.09,7.19,81.09
Taoudenni,2019-10-12 23:55:45,-3.98,22.68,ML,23,4,88.5,9.97,88.5
Buta,2019-10-12 23:55:45,24.73,2.79,CD,99,99,68.72,1.3,68.72
Guane,2019-10-12 23:55:45,-84.09,22.2,CU,76,6,81.91,7.05,81.91
Piquete,2019-10-12 23:55:46,-45.18,-22.61,BR,39,2,80.6,9.17,73.06
Uray,2019-10-12 23:55:46,64.8,60.13,RU,97,40,37.27,5.1,37.27
Kysyl-Syr,2019-10-12 23:55:46,122.77,63.9,RU,90,98,15.21,7.02,15.21
Gorontalo,2019-10-12 23:55:46,123.06,0.54,ID,66,0,83.55,3.05,83.55
Mezhdurechensk,2019-10-12 23:55:46,88.07,53.69,RU,92,29,36.03,2.93,36.03
Sao Desiderio,2019-10-12 23:55:47,-44.97,-12.36,BR,25,0,77.52,4.09,77.52
Cancun,2019-10-12 23:55:47,-86.85,21.17,MX,79,20,84.2,5.82,84.11
Lhokseumawe,2019-10-12 23:55:47,97.15,5.18,ID,89,96,72.41,2.13,72.41
Cabedelo,2019-10-12 23:55:47,-34.84,-6.97,BR,94,60,73.4,10.29,73.4
Azangaro,2019-10-12 23:55:47,-70.2,-14.91,PE,51,61,53.6,11.41,53.6
Kandrian,2019-10-12 23:55:47,149.55,-6.21,PG,84,41,81.37,8.52,81.37
Waverly,2019-10-12 23:55:48,-77.1,37.04,US,77,90,73.4,5.1,69.26
Ust-Nera,2019-10-12 23:55:48,143.24,64.57,RU,88,50,1.4,6.11,1.4
Yanam,2019-10-12 23:55:48,82.22,16.73,IN,91,22,74.82,2.3,74.82
Miri,2019-10-12 23:55:48,9.75,10.31,NG,86,46,74.17,4.13,74.17
Davila,2019-10-12 23:55:49,120.58,18.47,PH,83,20,73.4,2.24,73.4
Carballo,2019-10-12 23:55:49,-8.69,43.21,ES,72,75,66.99,14.99,64.09
Lyuban,2019-10-12 23:55:49,28.0,52.8,BY,83,66,51.96,10.88,51.96
Oliveira dos Brejinhos,2019-10-12 23:55:49,-42.89,-12.32,BR,46,33,78.85,14.09,78.85
Szczecinek,2019-10-12 23:55:49,16.69,53.71,PL,91,73,55.99,5.38,53.69
Pyapon,2019-10-12 23:55:49,95.68,16.29,MM,91,90,76.33,4.12,76.33
Muzhi,2019-10-12 23:55:50,64.7,65.4,RU,95,76,31.84,3.27,31.84
Caranavi,2019-10-12 23:55:50,-67.57,-15.83,BO,94,21,62.98,0.94,62.98
Ishinomaki,2019-10-12 23:55:50,141.3,38.42,JP,68,75,69.8,14.99,69.8
Ust-Maya,2019-10-12 23:55:50,134.54,60.42,RU,89,100,18.27,7.16,18.27
Namatanai,2019-10-12 23:55:51,152.44,-3.66,PG,67,92,84.76,4.12,84.76
Nurota,2019-10-12 23:55:51,65.69,40.56,UZ,57,45,50.0,6.93,50.0
Dubuque,2019-10-12 23:55:51,-90.66,42.5,US,80,90,46.99,14.99,40.32
San Policarpo,2019-10-12 23:55:51,125.51,12.18,PH,64,98,82.51,6.05,82.51
Bam,2019-10-12 23:56:40,58.36,29.11,IR,22,0,70.14,9.47,70.14
Syracuse,2019-10-12 23:56:41,-76.15,43.05,US,100,98,52.0,8.63,49.26
Simplicio Mendes,2019-10-12 23:56:41,-41.91,-7.85,BR,35,18,84.74,8.21,84.74
Hailin,2019-10-12 23:56:41,129.38,44.57,CN,48,17,38.52,1.36,38.52
Karratha,2019-10-12 23:56:41,116.85,-20.74,AU,56,5,78.44,8.26,78.44
Skaelskor,2019-10-12 23:56:42,11.29,55.25,DK,100,97,55.0,4.7,52.61
Genoa,2019-10-12 23:56:42,8.93,44.41,IT,77,75,66.99,5.82,57.74
Half Moon Bay,2019-10-12 23:56:42,-122.43,37.46,US,72,1,81.0,9.17,75.9
Progreso,2019-10-12 23:56:42,-56.22,-34.68,UY,88,75,66.0,8.05,64.62
Francistown,2019-10-12 23:56:43,27.5,-21.17,BW,53,48,63.72,8.88,63.72
Kitimat,2019-10-12 23:56:43,-128.69,54.02,CA,71,20,50.0,3.36,50.0
Bagepalli,2019-10-12 23:56:43,77.8,13.78,IN,100,40,69.8,5.82,69.8
Shchigry,2019-10-12 23:56:43,36.91,51.87,RU,70,93,50.9,17.1,50.9
Ravar,2019-10-12 23:56:43,56.81,31.27,IR,39,0,54.32,1.47,54.32
Grindavik,2019-10-12 23:56:44,-22.43,63.84,IS,100,90,42.8,14.99,42.8
Abha,2019-10-12 23:56:44,42.5,18.22,SA,36,48,64.4,2.23,62.69
Vostok,2019-10-12 23:56:44,135.83,46.45,RU,34,0,33.67,4.96,33.67
Gazanjyk,2019-10-12 23:56:44,55.52,39.24,TM,87,100,61.21,16.33,61.21
